	lower	upper	compositions	combinations	unique_aas	length
0	57.018648925	57.02435107500001	G	1	1	1
1	71.033548145	71.04065185500001	A	1	1	1
2	87.0276484	87.0363516	S	1	1	1
3	97.04794736000001	97.05765264000001	P	1	1	1
4	99.06344658	99.07335342	V	1	1	1
5	101.042647615	101.05275238500002	T	1	1	1
6	113.07844579500001	113.08975420500002	L	1	1	1
7	114.037197855	114.04860214500002	N	2	1	1
7	114.037197855	114.04860214500002	GG	2	1	2
9	115.021148655	115.032651345	D	1	1	1
10	128.08859525	128.10140475	K	1	1	1
11	129.03614787	129.04905213	E	1	1	1
12	131.03394797500002	131.04705202500003	M	1	1	1
13	137.052047055	137.065752945	H	1	1	1
14	142.06709629	142.08130371000001	AA	1	1	2
15	144.046297325	144.06070267500002	GS	2	2	2
16	147.02804823000002	147.04275177000002	M	1	1	1
17	147.06104658	147.07575342	F	1	1	1
18	154.06649629	154.08190371	GP	2	2	2
19	156.082095505	156.09770449500002	GV	2	2	2
20	156.093294945	156.108905055	R	1	1	1
21	160.022698465	160.038701535	C	1	1	1
22	163.055146835	163.071453165	Y	1	1	1
23	166.99005008	167.00674992000003	S	1	1	1
24	168.081495505	168.098304495	AP	2	2	2
25	172.03979758	172.05700242	GD	2	2	2
26	172.07619576	172.09340424	AT	2	2	2
27	174.055396795	174.072803205	SS	1	1	2
28	181.00494930000002	181.02305070000003	T	1	1	1
29	184.07559576	184.09400424000003	SP	2	2	2
30	184.11199394	184.13040606	AL	2	2	2
31	185.10714418	185.12565582000002	GK	2	2	2
32	186.069996035	186.088603965	W	1	1	1
33	186.09109498	186.10970502000004	SV	2	2	2
34	188.05259690000003	188.07140310000003	GM	2	2	2
35	188.070296015	188.089103985	ST	2	2	2
36	194.07069598	194.09010402	GH	2	2	2
37	194.09579472500002	194.11520527500002	PP	1	1	2
38	196.11139394	196.13100606	PV	2	2	2
39	198.09049498000002	198.11030502000003	PT	2	2	2
40	198.12689316	198.14670684	VV	1	1	2
41	199.12214339500002	199.14205660500002	AK	2	2	2
42	200.069696015	200.08970398500003	AE	2	2	2
43	202.04889705	202.06910295000003	SD	2	2	2
44	202.06749612	202.08770388000002	AM	2	2	2
45	202.08529523	202.10550477000004	TT	1	1	2
46	204.046697155	204.06710284500002	GM	2	2	2
47	204.079695505	204.100104495	GF	2	2	2
48	207.964701245	207.985498755	U	1	1	1
49	208.0855952	208.10640480000004	AH	2	2	2
50	210.12629316	210.14730684000003	PL	2	2	2
51	212.069096015	212.09030398500002	PD	2	2	2
52	212.141892375	212.16310762500004	VL	2	2	2
53	213.11194387	213.13325613000004	GR	2	2	2
54	214.08469523000002	214.10610477000003	VD	2	2	2
55	214.120993415	214.14240658500003	TL	2	2	2
56	215.11624365	215.13775635000005	SK	2	2	2
57	217.041247395	217.06295260500002	GC	2	2	2
58	218.094594725	218.11640527500003	AF	2	2	2
59	220.07379576	220.09580424000004	GY	2	2	2
60	224.00859901	224.03100099000002	GS	2	2	2
61	224.079695455	224.10210454500003	SH	2	2	2
62	225.136442615	225.158957385	PK	2	2	2
63	226.08409523	226.10670477000005	PE	2	2	2
64	226.15679159500002	226.17940840500003	LL	1	1	2
65	227.15204183	227.17475817000002	VK	2	2	2
66	229.13114287	229.15405713	TK	2	2	2
67	230.042397305	230.06540269500002	DD	1	1	2
68	230.078795485	230.10180451500003	TE	2	2	2
69	230.097394555	230.12040544500002	VM	2	2	2
70	231.05624661000002	231.07935339000002	AC	2	2	2
71	232.07659559	232.09980441000002	TM	2	2	2
72	234.05569663	234.07910337	SM	2	2	2
73	236.11549363499998	236.139106365	VH	2	2	2
74	237.135842615	237.159557385	O	1	1	1
75	238.09469467	238.11850533	TH	2	2	2
76	241.16694105	241.19105895000004	LK	2	2	2
77	243.017548515	243.04185148500002	Y	1	1	1
78	243.08864495999998	243.11295504000003	GW	2	2	2
79	244.057296525	244.08170347500004	DE	2	2	2
80	244.07599559	244.10040441000004	PM	2	2	2
81	246.05509662999998	246.07970337	DM	2	2	2
82	246.09149481	246.11610519000004	VM	2	2	2
83	246.12449316	246.14910684000003	VF	2	2	2
84	247.050346865	247.07505313500002	SC	2	2	2
85	248.07069584500002	248.09550415500001	TM	2	2	2
86	248.103694195	248.128505805	TF	2	2	2
87	250.08289523000002	250.10790477000003	SY	2	2	2
88	250.13049285	250.15550715000003	LH	2	2	2
89	252.038497445	252.06370255500002	AT	2	2	2
90	252.07319571000002	252.09840429000002	DH	2	2	2
91	254.01769847999998	254.04310152000002	SS	1	1	2
92	256.177090505	256.202709495	KK	1	1	2
93	257.07054582999996	257.09625417	PC	2	2	2
94	257.10354418000003	257.12925582	AW	2	2	2
95	259.12244323	259.14835677	KM	2	2	2
96	260.070095845	260.09610415500003	EM	2	2	2
97	260.139492375	260.165507625	LF	2	2	2
98	261.08304519499995	261.109154805	SSS	1	1	3
99	262.049196885	262.07540311500003	DM	2	2	2
100	262.06789595000004	262.09410405000006	MM	1	1	2
101	262.08229523	262.10850477	DF	2	2	2
102	262.118593415	262.144806585	VY	2	2	2
103	264.037897445	264.06430255500004	PS	2	2	2
104	264.09779445	264.12420555	TY	2	2	2
105	264.98335017	265.00984983	GU	2	2	2
106	266.05349666	266.08010334000005	VS	2	2	2
107	266.088194925	266.114805075	EH	2	2	2
108	268.08599503	268.11280497	MH	2	2	2
109	274.10409411	274.13150589	HH	1	1	2
110	275.04384711999995	275.07135288	CD	2	2	2
111	275.14964183	275.17715817000004	KF	2	2	2
112	276.0641961	276.0918039	EM	2	2	2
113	276.09719445	276.12480555	EF	2	2	2
114	276.13359263	276.16120737000006	LY	2	2	2
115	278.07639548500003	278.10420451500005	DY	2	2	2
116	278.094994555	278.12280544500004	MF	2	2	2
117	278.99824939	279.02615061000006	AU	2	2	2
118	282.011198735	282.03940126500004	DS	2	2	2
119	282.047596915	282.075803085	TT	1	1	2
120	283.117943395	283.146256605	PW	2	2	2
121	284.08009528499997	284.108504715	HM	2	2	2
122	284.113093635	284.141506365	HF	2	2	2
123	288.11119372	288.14000628	CK	2	2	2
124	289.05874633999997	289.08765366	CE	2	2	2
125	291.056546445	291.085653555	CM	2	2	2
126	292.091294705	292.12050529500004	EY	2	2	2
127	294.05609646000005	294.08550354000005	MM	1	1	2
